Feature,Importance
OverTime_Yes,0.20720493523979264
MonthlyIncome,0.11611589882703054
Age,0.1134202147928582
TotalWorkingYears,0.1120328639825938
YearsAtCompany,0.09471033752448792
YearsInCurrentRole,0.07978714752153804
YearsWithCurrManager,0.0760239577662231
StockOptionLevel,0.07070295741397102
MaritalStatus_Single,0.06962334730736842
JobInvolvement,0.06037833962413636
